Start,End,Count
2020-07-11,2020-07-12,2
2020-07-30,2020-08-01,3
2020-08-14,2020-08-15,2
2020-08-17,2020-08-20,4
2020-09-04,2020-09-06,3
2021-06-15,2021-06-17,3
2021-06-27,2021-06-27,1
2021-08-03,2021-08-04,2
2021-08-27,2021-08-27,1
2022-07-16,2022-07-16,1
2022-08-31,2022-09-07,8
2023-07-15,2023-07-17,3
2023-07-20,2023-07-20,1
2023-07-22,2023-07-22,1
2023-07-25,2023-07-27,3
2023-07-29,2023-07-29,1
2023-08-28,2023-08-30,3
